id,first_name,last_name
1,Alfi,Adamides
2,Dion,Erdes
3,Averyl,Teale
4,Trista,Vannikov
5,Ganny,McCahill
6,Gaylene,Metzing
7,Latrina,Lyford
8,Piggy,Duffus
9,Kimbell,Ferrand
10,Roosevelt,Wilkins
11,Sibyl,Myrtle
12,Buck,Buzine
13,Maximilian,Edds
14,Valenka,Kincla
15,Gay,Rakestraw
16,Elmore,Lutwyche
17,Blinny,Lindl
18,Gar,Audiss
19,Dedra,Artz
20,Betsy,Duferie
21,Stanfield,Jerram
22,Hugh,MacEntee
23,Pansie,Mahon
24,Parke,Mickan
25,Kirstin,Alldred
26,Burg,Roches
27,Woodie,Allder
28,Artemas,Ludewig
29,Nadine,Domino
30,Ignazio,Cleare
31,Cart,Oxlade
32,Konstance,Grindell
33,Nerissa,Woodwind
34,Teriann,Lening
35,Tiffie,Deschelle
36,Malynda,Byfford
37,Kimmie,Gadney
38,Adolpho,Merry
39,Thoma,Cammomile
40,Wren,Willimot
41,Corliss,Aglione
42,Hasheem,Baradel
43,Lutero,Welman
44,Cristie,Sussans
45,Esma,Keune
46,Debee,Readie
47,Denice,Greg
48,Kellyann,Durrand
49,Cort,Bohden
50,Nada,Waltho
51,Arnaldo,Balkwill
52,Evvy,Purry
53,Heinrik,Feakins
54,Jessalyn,Vallow
55,Joyann,Qualtrough
56,Hannah,Cowperthwaite
57,Rhona,Mullis
58,Orren,McCudden
59,Rocky,Jonczyk
60,Phillie,Whitear
61,Gilberto,Gini
62,Myrta,Udy
63,Gorden,Glenton
64,Marieann,Maskew
65,Chev,McAvey
66,Chadwick,Campling
67,Ade,Ivanisov
68,Gaylord,Roloff
69,Fredericka,Arnau
70,Marius,Gerhardt
71,Dennie,Symper
72,Bernardina,Tidswell
73,Olia,Goranov
74,Karla,Haslam
75,Barnabas,Elia
76,Ives,Grayne
77,Bren,Havard
78,Jemimah,Roycroft
79,Cece,Verny
80,Franchot,Jikylls
81,Dolph,Gauthorpp
82,Ilene,Woolger
83,Carlye,Clamp
84,Marne,Gorman
85,Chaunce,Petherick
86,Quinn,Peers
87,Ramsay,Yakunikov
88,Franky,Henricsson
89,Rog,MacKessock
90,Darwin,A'field
91,Brodie,O'Fogarty
92,Lizette,Worters
93,Doria,Bailles
94,Irina,Miranda
95,Annemarie,Caiger
96,Arabella,Gilliland
97,Claybourne,Switzer
98,Blaire,Just
99,Andonis,Gerardi
100,Frederico,Wakelam
